ID,Menu,Bahan-bahan,Langkah,Link,Karbohidrat,Protein,Serat,Lemak,Kalori
1,Ayam Kukus Sehat,1/2 Dada Ayam; Daun Bawang; Seledri; 1 sdm Minyak Goreng; 4 Bawang Merah; 5 Bawang Putih; 1 ruas Jahe; Garam; Penyedap Rasa; Lada Bubuk,"1. Potong ayam buang kulit dan lemaknya; 2. Haluskan bawang putih, bawang merah, dan jahe; 3. Potong kecil-kecil daun bawang dan seledri; 4. Masukkan bumbu halus, daun bawang, dan minyak goreng, lalu diaduk; 5. Setelah diaduk, masukkan garam, lada bubuk, penyedap rasa, dan diaduk kembali. Setelah itu dimarinasi selama 30 menit; 6. Setelah 30 menit taburkan seledri ke atas ayam yang sudah disusun lalu dikukus selama kurang lebih 30 menit. Tambahkan wortel dan kentang (opsional); 7. Ayam kukus siap disantap",https://cookpad.com/id/resep/16224969-ayam-kukus-sehat,115.8572038,25.66331814,108.187121,20.75337613,1460.469553
2,Sup Sehat Labu Siam,1 ekor tulangan ayam direbus; 6 butir baso; 1 buah labu siam sedang; 1 buah wortel sedang; 1 buah bawang bombay dipotong memanjang; 3 siung bawang putih iris halus; 1 batang daun bawang; 1 batang seledri; Garam; Lada bubuk; 1 lembar bihun jagung,"1. Siapkan semua bahan dan cuci bersih. Tulangan ayam direbus sampai air mulai jernih.;2. Iris dan potong semua bahan. Masukkan bawang putih, bombay, seledri, dan daun bawang. Setelah itu masukkan wortel lalu labu siam. Setelah mulai empuk, masukkan garam, gula, dan lada bubuk. Koreksi rasa, kalau sudah sesuai, masukkan bihun jagung.;3. Sajikan selagi hangat.",https://cookpad.com/id/resep/16222670-sup-sehat-labu-siam,138.0081352,31.29511404,4.912192262,19.88564293,698.3312594
3,Kolak Pisang Kuah Susu,5 buah pisang kepok;250 gram labu kuning;250 gram kolang kaling;150 gram gula merah; 1 sdt garam;1 liter air hangat;100 gram susu bubuk vanila;10 cm kayu manis;5 butir cengkeh;1 lembar daun pandan,"1. Rebus labu kuning hingga matang menggunakan air secukupnya saja (tanda jika sudah matang adalah mudah dibelah menjadi dua menggunakan sendok). Kemudian langsung masukkan pisang kepok dan rebus kembali hingga pisang matang (tidak perlu masak terlalu lama, cukup sebentar saja biar pisang tidak lembek).;2. Setelah pisang matang, tiriskan labu kuning dan pisang kepok lalu sisihkan dulu.;3. Setelah pisang matang, tiriskan labu kuning dan pisang kepok lalu sisihkan dulu.;4. Masukkan gula merah aduk hingga gula larut, selanjutnya masukkan daun pandan, cengkeh, kayu manis dan garam.;5. Aduk kembali, lalu masukkan kolang kaling, labu kuning dan pisang yang telah direbus tadi. Tes rasa kemudian masak kembali hingga kolak matang sambil terus diaduk.;6. Kolak pisang kuah susu siap dihidangkan baik dalam keadaan hangat ataupun diberi es batu lebih menyegarkan. Bisa juga dijadikan ide jualan dengan dikemas dalam toples ukuran 300 ml. Untuk video selengkapnya bisa dilihat di channel YouTube ""VianDa Kitchen""",https://cookpad.com/id/resep/16218105-kolak-pisang-kuah-susu-tanpa-santan-kolak-sehat,334.6677671,36.72051537,43.59765591,109.7386746,1573.652851
4,Stup Nanas,1/4 buah nanas ukuran sedang;10 sdm gula pasir;2 batang kayu manis ukuran kecil;5 buah cengkeh;500 ml air matang,"1. Siapkan semua bahan, dan rendam lalu cuci nanas dengan air garam secukupnya;2. Didihkan air lalu masukkan kayu manis, cengkeh dan gula pasir. Adik hingga gula mencair kurang lebih 5 menit;3. Setelah gula larut dan sudah tercium wangi cengkeh dan kayu manis (kurang lbh 10 menit dr awal memasukkan bahan), masukan potongan nanas dan didihkan selama 5 menit;4. Setelah 5 menit nanas di air mendidih, bisa diangkat dan stup nanas sudah siap disajikan. Enak diminum pas hangat, atau bisa juga dicampur es batu",https://cookpad.com/id/resep/16217410-stup-nanas-sehat-dan-praktis,3798.91872,16.63791653,23.33863821,170.762984,14624.64432
5,Ice Cream Banana,Secukupnya Yogurt;Beberapa buah pisang,"1. Kupas dan potong pisang sesuai selera;2. Tuangkan yogurt, balur pisang di dalam yogurt;3. Susun di dalam wadah, bekukan di freezer sekitar 4 jam, siap untuk dinikmati",https://cookpad.com/id/resep/16216637-ice-cream-banana-healthy-snack,40.59493333,5.184933333,3.7692,4.090666517,201.0266667
6,Oatmeal Raisin with Honey,200 gram Oat;400 ml air;100 ml susu;1 bungkus madu sachet;Secukupnya kismis (opsional) potong kecil-kecil;Sedikit Garam,"1. Siapkan panci, panaskan air tunggu hingga mulai mendidih;2. Jika sudah mendidih, masukkan oat, masak di api kecil, aduk terus;3. Jika oat mulai mengental dan lembek, masukkan susu, 1/2 sachet madu, garam, dan kismis. Aduk terus jangan berhenti, karena oat mudah hangus.;4. Jika sudah tercampur rata, matikan api. Sajikan oat ke dalam mangkuk, tambahkan sisa madu tadi, lalu tambahkan kismis di atasnya sebagai garnish.",https://cookpad.com/id/resep/16215674-sarapan-sehat-dan-praktis-oatmeal-raisin-with-honey,46.27267479,4.313669284,2.633754315,2.599572362,211.8763546
7,Aromatic Chicken Soup,"3/4 kg ayam, potong bite size/selera;6 buah wortel, potong kotak;3buah kentang, potong kotak;1/2 buah kol, iris besar;12 buah bawang merah;4 buah bawang putih;2 batang daun bawang, pisahkan bagian hijau dan putihnya;1 sdt lada bubuk;1/2-1 sdt pala bubuk;4 lembar daun salam untuk merebus ayam;4 buah kapulaga (opsional);2 bunga cengkeh (opsional); Secukupnya garam dan kaldu;3 buah tomat, iris kotak;2 sdm minyak goreng; secukupnya air panas; 3 tangkai seledri","1. Siapkan Bahan Resep Potong Ayam bite size atau sesuai selera. Rebus dahulu untuk menghilangkan kotoran dan bakteri yang menempel pada permukaan dan dagingnya selama 10 menit, buang air rebusan, rebus kembali dengan air mendidih dan daun salam selama 10 menit, matikan, saring dan sisihkan. Goreng Bawang Merah hingga kecoklatan, sisihkan sebagian untuk ditaburkan pada hidangan akhir. Tambahkan sebagian yang digoreng dengan Bawang Putih, Daun Bawang bagian putih/bawah, dan Bubuk Lada. Tumis hingga harum;2. Masukkan Ayam rebus, tumis hingga Ayam kecoklatan tanda sudah rata dengan bahan tumisan Masukkan Air Panas hingga Ayam terendam, tutup wajan dan naikkan volume api, masak hingga mendidih. Menggunakan air panas agar tidak turun temperatur masakan yang sudah ditumis, jadi mempercepat waktu dan bumbu tidak layu;3. Masukkan Wortel dan Kentang, masak ± 5 menit. Buang excessed oil yang tidak perlu. Tambahkan Garam, Kaldu, bunga Cengkeh, Kapulaga dan Bubuk Pala. Untuk Cengkeh dan Kapulaga opsional.;4. Sebelum api dimatikan, baru dimasukkan Kol, irisan Tomat, potongan Daun Bawang bagian hijau/atas, aduk sebentar. Matikan api. Tambahkan irisan Seledri di atasnya. Terakhir taburkan sebagian Bawang Goreng.",https://cookpad.com/id/resep/16206787-healthy-aromatic-chicken-soup-sup-ayam,460.4659107,149.5170707,152.9953951,146.5579999,3379.879767
8,Cap Jay Kuah Sehat,2 buah wortel;1 ikat sawi hijau;1 buah kembang kol;2 batang daun bawang;1 sdt garam;1/4 sdt gula; 4 siung bawang merah;8 siung bawang putih;1/4 sdt pala,"1. Siapkan sayurannya;2. Haluskan bumbu, kemudian tumis. Sisihkan;3. Didihkan air, masukkan wortel dan batang sawi. Tunggu hingga setengah matang.;4. Tambahkan sayuran lainnya. Aduk rata. Tambahkan telur kemudian aduk. Tambahkan gula dan garam. Koreksi rasa.;5. Setelah semua sempurna, silakan disajikan.",https://cookpad.com/id/resep/15974302-106-cap-jay-kuah-sehat,84.21082525,17.72386555,3.201491597,16.08403369,385.8169014
9,Acar Sehat Madu,5 buah timun;3 wortel kecil;Cabai rawit;Bawang Merah;10 sdm cuka apel;10 sdm madu;2 sdm garam himalaya;500 ml air matang,"1. Campur air cuka apel, madu, dan garam;2. Kalau organik upayakan jangan kupas kulit;3. Potong semua bahan, campur di suhu ruang. Biarkan minimal 12 jam, lalu masukkan ke kulkas.",https://cookpad.com/id/resep/16205844-acar-sehat-madu,177.4538824,31.49754786,4.844808949,25.34874093,753.9910361
10,Jus Apel Sehat,1 buah apel;Madu (opsional),"1. Kupas apel, kemudian potong-potong;2. Tambahkan air. Blender hingga lembut;3. Bagi yang kurang suka seratnya bisa disaring dahulu.;4. Sajikan",https://cookpad.com/id/resep/16201147-jus-apel-sehat,24.96871693,0.396259115,0.24752,3.506199549,93.64710324
11,Banana Oats Soft Cookies,"6 buah pisang ambon ukuran sedang;16 sdm penuh (110 gram) oat; 2 sdm margarin, lelehkan;100 gram choco chips;3 sdm madu (bisa digantikan dengan 2 sdm gula pasir);Sejumput garam","1. Lumatkan pisang dengan garpu;2. Campur pisang dengan oat, margarin, choco chips, madu/gula pasir, dan sejumput garam;3. Ambil sekitar 1 sdm adonan, tata di atas baking paper. Panggang dengan suhu 180 derajat celcius selama 13-15 menit.;4. Sajikan banana oats soft cookies. Lembut, manis, lebih kaya nutrisi.",https://cookpad.com/id/resep/16183434-banana-oats-soft-cookies-kue-lebaran-sehat-tanpa-tepung-tanpa-telur,86.4477995,6.370517903,162.6777162,8.998177471,1776.9218
12,Otak-Otak Lumpia,"250 gram ikan giling (ikan tenggiri/ekor kuning);2 butir putih telur;3 buah tahu putih;4 siung bawang putih (halus);4 siung bawang merah (iris);1 sachet santan instan;50 gram tepung tapioka/sagu;Garam, kaldu jamur, gula, lada;1 buah wortel, cincang halus;1 batang daun bawang, cincang halus;Kulit lumpia kemasan","1. Potong kasar wortel dan daun bawang. Masukkan ke wadah, sisihkan.;2. Blender ikan, putih telur, santan, bawang putih, bawang merah, dan tahu hingga halus. Lalu masukkan tepung tapioka dan semua penyedap, blender lagi.;3. Keluarkan ikan ke dalam wadah wortel, campur dan aduk rata.;4. Masukkan adonan dalam piping bag;5. Siapkan kulit lupia, perekat (cairan terigu kental). Potong setengah kulit, semprotkan adonan dan lipat menjadi bentuk lumpia atau sesuai selera.;6. Dapat disimpan di freezer atau langsung goreng dengan api sedang. Sajikan dengan sambal botol atau sambal kacang.",https://cookpad.com/id/resep/16169217-otak-otak-lumpia-ikan-sayur-cemilan-sehat-enak,94.88602386,117.8363076,78.68446516,13.93691963,1508.916235
13,Biji Salak Ubi Orange,300 gram ubi orange (berat setelah dikukus);150 gram tepung tapioka;1 sdm gula pasir;1/2 sdt garam;600 ml air;150 gram gula merah;1 sdm gula pasir;1 lembar daun pandan;2 sdm tepung tapioka dilarutkan dengan 4 sdm air;2 1/2 sdm fiber cream dan 250 ml air atau santan instan 65 ml dan 200 ml air;1 lembar daun pandan;1 sdt tepung tapioka,"1. Membuat biji salak. Potong sesuai selera ubi kuning. Kukus lalu haluskan. Campur dengan 150 gram repung tapioka, 1 sdm gula pasir, 1/4 sdt garam. Aduk rata, kemudian bulat-bulatkan. Supaya rata besarnya, bisa menggunakan sendok takar yang berukuran 1/2 sdt, baru dibulat-bulatkan.;2. Bahan gula: Tuang air dalam panci, masukkan daun pandan dan gula, lalu panaskan hingga gula larut. Kemudian saring agar gula besih. Biarkan mendidih. Lalu masukkan biji salak, tunggu hingga matang dengan ciri, biji salak sudah mengapung. Kemudiang tuang larutan tepung tapioka perlahan sambil diaduk, hingga mengental. Sisihkan.;3. Kuah santan: Masukkan Fiber cream dan air, 1/4 sdt garam, 1 lembar daun pandan, dan 1 sdt tepung tapioka ke dalam panci. Aduk rata. Nyalakan api sedang, sambil diaduk tunggu hingga mendidih. Angkat.;4. Penyajian. Tuang biji salak dalam mangkok lalu tuang kuah santan di atasnya. Bubur Biji Salak Ubi Orange, siap dinikmati.",https://cookpad.com/id/resep/16180606-biji-salak-ubi-orange-sehat-tanpa-santan,449.986799,3.096818182,0.225,4.949999928,1756.766965
14,Kacang Hijau Sehat Tanpa Santan,250 gram kacang hijau;250 gram ubi kuning;Gula merah 8 keping (sesuai selera);2 helai daun pandan;2 sdt garam;6-8 sdm fiber crème;2.5 liter air,"1. Masak kacang hijau dan ubi kuning hingga kacang hijau pecah dan ubi menjadi lunak dan matang. Masukkan juga garam dan daun pandan.;2. Setelah matang, gula merah/gula aren yang sudah disisir, masukkan fiber crème, segera aduk agar tidak menggumpal. Kacang hijau sehat tanpa santan pun siap untuk disajikan.",https://cookpad.com/id/resep/16180524-kacang-hijau-sehat-tanpa-santan,192.2643587,11.37516427,0.65779703,13.53094042,795.1777678
15,Chicken Marengo,"250 gram dada ayam, potong kotak-kotak;1 buah tomat;6 buah jamur; 1 siung bawang putih;2-3 sdm saus tomat;Parsley untuk topping (opsional);Secukupnya minyak, garam, lada, dan air","1. Potong dadu ayam. Marinasi 30 menit dengan lada dan garam. Kemudian iris jamur, tomat, dan cincang bawang putih;2. Masukkan 1 sdm minyak ke dalam wajan dan masak ayam sebentar. Angkat dan sisihkan;3. Di wajan bekas tumis ayam, masukkan bawang putih, aduk rata. Tambahkan tomat dan jamur;4. Tambahkan air, garam, lada, dan saus tomat. Koreksi rasa;5. Masukkan tumisan ayam ke dalam saus tomat yang telah dimasak dengan jamur;6. Angkat dan sajikan. Hias dengan topping parsley.",https://cookpad.com/id/resep/16178059-chicken-marengo-france-menu-sehat,19.29697054,31.49423538,104.7684885,6.848589387,1103.969215
16,Healthy Oats Cookies,2 buah pisang raja/ambon/cavendish matang;250 gram oats;1 putih telur;2 sdm madu;2 sdm brown sugar;1 sdm chia seeds;200 gram kurma;100 gram kismis;150 gram chocolate chips,"1. Siapkan bahan;2. Haluskan pisang dengan garpu. Tambahkan putih telur, madu. Aduk rata;3. Tambahkan bahan lainnya. Aduk;4. Ambil 1 sendok adonan, padatkan, dibentuk bulat. Tata di loyang yang dilapisi dengan baking paper. Oven selama 20 menit;5. Keluarkan dari oven. Dinginkan. Simpan di dalam toples",https://cookpad.com/id/resep/15277843-healthy-oats-cookies,215.7767593,15.88579529,13.47784751,30.97332822,962.4900984
17,Pancake Labu Kuning,2 butir telur;1 pisang matang;100 gram puree labu (haluskan labu yang dikukus);160 gram tepung terigu;1 sdm minyak;1/2 sdt baking powder;1/3 sdt bubuk kayu manis/pala,"1. Blend/Hancurkan pisang dengan telur sehingga muncul bubble. Tambah minyak, labu, dan rempah. Blend/aduk lagi.;2. Tambahkan tepung sehingga menjadi cukup kental;3. Goreng di teflon (pakai tetesan kecil minyak awalnya dan oleskan di wajan) atau panggang di oven 200 derajat celcius sekitar 14 menit",https://cookpad.com/id/resep/16170885-pancake-labu-kuning-mpasi-sehat,21.33972484,7.090712178,104.6478946,4.049366994,1003.956272
18,Kue Kering Jahe Coklat,"100 gram margarin;132 gram gula halus;1 butir telur, pisahkan kuning dan putihnya;15 gram jahe parut;150 gram tepung terigu protein rendah;25 gram coklat bubuk;20 gram susu bubuk;2 sdt jahe bubuk;1/2 sdt baking powder;1/8 sdt garam;1/4 sdt air jeruk lemon","1. Kocok margarin dan 7 gram gula tepung selama 2 menit hingga lembut. Masukkan kuning telur dan kocok rata. Tambahkan jahe parut, kocok rata.;2. Masukkan tepung terigu, coklat bubuk, susu bubuk, dan baking powder sambil diayak, aduk rata.;3. Giling tipis adonan setebal 1/2 cm cetak sesuai selera. Letakkan loyang yang sudah diolesi mentega.;4. Oven selama 24 menit dengan api bawah suhu 150°c sampai matang.;5. Kocok putih telur dan garam sampai setengah mengembang, masukkan 125 gram gula tepung sedikit demi sedikit sambil dikocok sampai mengembang. Tambahkan air jeruk lemon, aduk rata.;6. Hias kue yang sudah matang dengan adonan hiasan tadi. Letakkan kue kering di atas loyang tanpa diolesi mentega.;7. Oven selama 6 menit dengan api bawah suhu 130°c sampai kering.;8. Angkat dan siap sajikan di dalam toples",https://cookpad.com/id/resep/16169204-kue-kering-jahe-coklat-sehat,581.4369442,132.4980045,1847.717378,177.3189097,18311.38446
19,Capucino Cincau Sehat,300 ml susu cair;60 ml espresso cair;100 gram cincau;4 sdm gula semut;Es batu,"1. Buat espresso shot untuk 2 porsi;2. Cairkan 4 sdm gula semut dengan 100 ml air hangat;3. Iris cincau memanjang;4. Buat cairan susunya, campurkan 30 ml espresso shot dengan 150 ml susu murni;5. Tata gula aren 70 ml, cincau iris, dan tuang perlahan susu kopi ke dalam gelas. Terakhir tambahkan es batu dan minuman siap disajikan.",https://cookpad.com/id/resep/16163353-capucino-cincau-sehat,1413.726391,4.202259637,4.360766504,0,5528.528771
20,Tumis Sayur Sehat,"1 bonggol jagung;1 buah wortel ukuran besar;10 buah buncis;1 lembar daun salam;Penyedap rasa, garam, dan lada bubuk;2 siung bawang putih;3 siung bawang merah;2 cabai keriting merah","1. Jagung, wortel yang sudah dipotong-potong, dan buncis yang sudah diiris dicuci bersih;2. Iris bawang merah, bawang putih, dan cabai keriting;3. Siapkan wajan dan sedikit minyak goreng. Tumis bawang, apabila sudah sedikit layu, masukkan cabai keriting dan daun salam;4. Lalu masukkan jagung, aduk-aduk sebentar, masukkan wortel dan buncis. Beri air, garam, penyedap rasa, dan sedikit lada bubuk;5. Biarkan sedikit layu dan air menyerap. Koreksi rasa dan sajikan",https://cookpad.com/id/resep/16156358-menu-saur-simple-tumis-sayuran-sehat,108.6322567,16.47348272,6.942754572,28.20884805,468.2957035
21,Sayur Bening Sawi Pagoda,1 ikat sawi pagoda;1 buah jagung muda;1 buah wortel;2 buah tomat hijau kecil;Secukupnya garam; Sedikit gula; 2 siung bawang merah;1 siung bawang putih,"1. Cuci semua sayur-sayuran, lalu tiriskan;2. Potong-potong sayur, dan iris bawang merah & bawang putih;3. Didihkan air didalam panci, masukkan irisan bawang merah & bawang putih;4. Setelah itu masukkan jagung dan wortel, rebus hingga matang;5. Setelah jagung dan wortel terlihat matang, masukkan sawi pagoda dan tomat, kemudian masukkan garam secukupnya, dan sedikit gula, koreksi rasa;6. Sayur siap dinikmati bersama lauk yang lainnya",https://cookpad.com/id/resep/14965813-sayur-bening-sawi-pagoda-100-sehat,59.14905373,5.451936195,0.751137635,4.23409954,245.0845334
22,Mie Hokkian,"1 bungkus mie telur, rebus 3 menit;1 sdm minyak wijen;1 sdm kecap manis;1 sdm saus tiram;2 bonggol pakcoy pisahkan batang dan daunnya;1 buah wortel potong tipis serong;2 butir telur orak arik;3 siung bawang putih iris;7 siung bawang merah iris;Secukupnya garam, kaldu jamur, dan lada bubuk;Secukupnya timun, tomat, cabe iris, dan sosis","1. Siapkan semua bahan lalu rebus mie 3 menit di air mendidih. Kemudian tiriskan dan beri kecap, minyak wijen dan saus tiram;2. Iris bawang merah dan bawang putih lalu kocok lepas telur dan orak arik. Setelah itu angkat telurnya.;3. Masih di pas bekas orak-arik telur, tumis bawang merah dan bawang putih hingga harum. Masukkan batang pakcoy dan wortel, beri 30 ml air untuk bantu mempercepat matangnya. Setelah agak layu tambahkan garam, lada, dan kaldu bubuk.;4. Masukkan daun pakcoy lalu aduk-aduk hingga layu, kemudian masukkan mie. Aduk rata hingga matang dan koreksi rasa. Jika sudah OK tambahkan orak arik telur.;5. Sajikan untuk sahur, bisa ditambahkan timun, tomat, cabai iris, dan sosis jika suka.",https://cookpad.com/id/resep/16150037-mie-hokkian-menu-lengkap-dan-sehat,104.901574,24.41342668,108.634588,11.69203691,1444.042314
23,Greek Lemon Chicken Grill,"2 dada ayam tanpa tulang;60 ml olive oil;3 sdm lemon juice;2 siung besar bawang putih, cincang halus;2 sdt oregano;1 sdt thyme;1 sdt dijon mustard;3/4 sdt garam;1 sdt madu","1. Cuci bersih dada ayam tanpa tulang, tusuk-tusuk dada ayam dengan garpu secara merata, kemudian masukkan ke dalam plastik ziplock;2. Masukkan semua bumbu ke dalam mangkuk, aduk rata. Tuang bumbu ke dalam plastik ziplock berisi dada ayam, rapatkan plastik lalu remas-remas sebentar supaya bumbu meresap;3. Diamkan selama 1-2 jam di kulkas;4. Taruh di wadah tahan panas. Panggang di oven sampai matang. Jika tidak ada oven, bisa dimasak di pan dengan api kecil sambil disiramkan minyak bumbunya serta dibolak-balik daging ayamnya dan masak hingga matang",https://cookpad.com/id/resep/16146090-greek-lemon-chicken-grill-lebi-sehat-tnpa-gula-penyedap-rasa,197.0211922,74.49878274,1367.467451,122.8350629,12929.78425
24,Wedang Jahe,1 buah serai;1 ruas jahe;1 ruas kunyit;3 sdm madu;200 ml air panas;1/2 buah jeruk nipis,"1. Siapkan semua bahan;2. Iris tipis serai, kunyit, dan jahe;3. Masukkan serai, kunyit, dan jahe ke dalam gelas yang sudah disediakan. Kemudian tuangkan air panas. Tunggu sampai hangat kuku kemudian tambahkan perasan jeruk nipis;4. Terakhir masukkan madu dan aduk sampai tercampur rata. Minuman sehat siap dinikmati",https://cookpad.com/id/resep/16124844-resep-simple-minuman-sehat,155.2866623,17.83326509,16.0658209,34.87143082,770.8877295
25,Es Blewah,"1 liter air minum;200-225 ml gula singkong cair;3 lembar daun pandan (remas dan simpulkan);3 buah blewah ukuran kecil (serut);3 buah naga ukuran kecil (potong dadu/serut);1 kotak cincau hitam (potong dadu);1 sdm chia seed (boleh selasih);1 buah lemon (potong tipis, buang bijinya);1 bungkus jelly/nata de coco (buang air gulanya);Secukupnya es batu","1. Didihkan air bersama dengan daun pandan. Tuang gula singkong, aduk rata, masak lagi hingga mendidih. Tes rasa bila sudah dicapai level manis yang didinginkan. Angkat, dinginkan.;2. Siapkan wadah besar untuk es blewahnya. Serut blewah, buah naga. Masukkan jelly, cincau hitam. Campur rata.;3. Tuang simple syrup ke dalam wadah sambil diaduk. Lalu peras air lemonnya, boleh dimasukkan 1-2 slices dalam wadah;4. Tes rasa terakhir, bila sudah OK, masukkan es batu dan chia seeds/selasih. Siap dihidangkan",https://cookpad.com/id/resep/16139609-es-blewah-sehat-dan-segar,50.64737213,9.229700176,11.71656085,20.69805997,294.8395062
26,Ayam Bakar Pedas Manis,"500 gram dada ayam tanpa tulang;2 siung bawang putih;5 cabe rawit dan cabe keriting, atau sesuai selera tingkat pedas;1 ruas lengkuas;3 lembar daun salam;1/2 keping gula merah;3 sdm kecap manis;Garam dan lada;Jeruk nipis;200 ml air kelapa atau air biasa;1 sdm minyak","1. Potong ayam tiap dada menjadi 2 bagian. Marinasi dengan garam, lada, dan jeruk nipis.;2. Haluskan bawang merah, bawang putih, lengkuas, cabe, garam;3. Masukkan 1 sdm minyak goreng dan tumis bumbu halus hingga harum. Masukkan daun salam, kecap manis, gula merah dan air kelapa;4. Masukkan ayam, didihkan sekitar 5 menit hingga setengah matang;5. Angkat ayam dan sisihkan bumbu. Jika sisa bumbu masih encer, masak lagi hingga agak kental;6. Bakar ayam dengan sesekali dioles bumbu olesan",https://cookpad.com/id/resep/15314605-ayam-bakar-pedas-manis-menu-sehat,74.87433704,62.29853612,113.256187,21.32361043,1474.345947
27,Kolak Ubi,1 buah ubi jalar;1 lembar daun pandan;Air untuk merebus dan sedikit garam;300 ml susu kedelai,1. Ubi dikupas cuci bersih dan dipotong-potong. Lalu direbus dengan daun pandan dan garam sampai matang;2. Setelah matang tiriskan ubi dan tata dalam mangkuk;3. Sajikan dengan susu kedelai dan siap dinikmati,https://cookpad.com/id/resep/16142628-kolak-ubi-imitasi-yg-sehat-dan-simple,35.23308642,5.527037037,2.300493827,4.640740865,182.6666667
28,Sambal Tempe Lalapan Sayur Hijau,1/2 papan tempe;1 genggang daun sirih bumu;2 genggam daun ginseng;1/2 sdt bawang putih bubuk;1/2 sdt garam;1/4 sdt merica bubuk;100 ml air;4 siung bawang putih;3 siung bawang merah;15 buah cabai rawit merah;2 buah cabai merah keriting;1/2 sdt kaldu bubuk ayam atau daging,"1. Potong-potong tempe, lalu siapkan bumbu marinasi (bawang putih, garam, dan air). Masukkan tempe ke dalam bumbu marinasi lalu diamkan selama 5 menit.;2. Sambil menunggu tempe dimarinasi, siapkan bahan sambal. Cuci bersih semua bahan dan potong-potong cabai agar ketika digoreng tidak meledak. Bawang emrah dan bawang putih dipotong menjadi dua.;3. Goreng tempe sampai kecoklatan di kedua sisinya. Tiriskan dan sisihkan. Lalu goreng bawang merah dan bawang putih. Terakhir goreng cabai rawit merah dan cabai merah keriting.;4. Setelah gorengan bawang putih dan bawang merah serta cabai ditiriskan, taruh di cobek lalu tambahkan dengan kaldu bubuk. Kemudian haluskan.;5. Setelah semua bumbu halus, masukka tempe yang sudah digoreng. Hancurkan tempe dengan uleg. Sambal siap disajikan.;6. Langkah selanjutnya adalah menyiapkan lalapan sayur hijaunya. Rebus sayurnya hingga matang, tiriskan dan siram dengan air dingin;7. Setelah semua siap, tata di cobek penyajian.",https://cookpad.com/id/resep/16131404-sambel-tempe-lalapan-sayur-hijau-sehat-panen-dr-tanaman-sendiri,32.93470128,14.27861548,6.537327626,3.348515626,223.2771104
29,Sop Iga,"1 kg iga sapi;1 ruas jahe, geprek;1 ruas lengkuas, geprek;1 batang serai, geprek;1 bumbu campak sop;8 siung bawang putih;6 siung bawang putih;Secukupnya garam dan penyedap rasa","1. Setelah iga dibersihkan, rebus iga sekitar 10 menit. Kemudian buang air rebusan pertama ini. Cuci bersih iga. Kemudian rebus kembali. Beri 2 sdt garam dan micin. Kemudian masukkan bumbu campak sop. Rebus iga sampai lembut (sekitar 30 menit);2. Tumis bumbu halus beserta serai, jahe, dan lengkuas yang sudah digeprek. Tumis sampai kuning kecoklatan.;3. Kemudian masukkan ke dalam rebusan iga. Aduk-aduk;4. Tambahkan wortel dan brokoli (opsional), masak selama 5 menit;5. Setelah wortel dan brokoli mulai lembut, masukkan potongan bawang prei dan daun seledri. Aduk sebentar, tes rasa. Sop Iga siap disantap",https://cookpad.com/id/resep/16114467-sop-iga-sehat-untuk-yang-lagi-batuk-pilek,115.5787533,111.5546561,192.98287,13.05588233,2632.150278
30,Bakso Ayam,"Bahan mashed potato;2-3 buah kentang ukuran sedang atau besar;2 sdm minyak zaitun;2 sdm fiber crème;2-3 sdm air hangat;Garam, lada, parsley;Bahan saus;1 siung bawang putih cincang halus;1/2 bombay;1 sdm saus tomat;1 sdm kecap manis;2 sdm saus tiram; 2 sdm fiber creme;Air, 1 sdt maizena, garam secukupnya;Bahan meatball;350 gram ayam cincang;1 butir putih telur;2 sdm oat;1 siung bawang putih cincang halus;1/2 bawang bombai cincang halus;Secukupnya garam dan lada;1 sdm maizena/sagu","1. Belah kentang menjadi 2 bagian, rebus di air mendidih hingga lunak sekitar 20-30 menit;2. Jika telah mendidih, angkat. Lepas kulitnya dan haluskan dengan garpu. Masukkan bahan-bahan lainnya, aduk rata, koreksi rasa.;3. Tumis bawang putih dan bawang bombay dengan 1 sdm minyak;4. Masukkan tumisan bawang dan bahan-bahan lainnya ke dalam daging ayam cincang. Aduk rata;5. Buat bulat bulat daging dan kukus 10 menit;6. Masukkan 1 sdm ke dalam teflon. Masukkan bawang putih, bawang bombay, dan ayam hingga harum;7. Masukkan air dan bahan-bahan saus lainnya ke dalam. Masak hingga mendidih dan koreksi rasa.;8. Sajikan meatball bersama mashed potato",https://cookpad.com/id/resep/16129951-chicken-swedish-meatball-menu-sehat,275.9830267,46.45616468,606.5872564,7.110466618,6692.753262
31,Jus Kale Kurma,3 helai daun kale nero;200 ml infused water (lemon+apel+kiwi);1 buah kurma sukkari;1/2 buah kiwi green;5 ml madu,"1. Rebus daun kale, buang tulang daunnya, selama -+ 3 menit di api sedang.;2. Siapkan bahan-bahan yang diperlukan, iris buah kiwi, cuci bersih, dan ambil buah kurma sukkari buang bijinya.;3. Masukkan buah-buah dan infused water ke dalam blender. Jangan lupa berikan madu, atau tanpa madu.;4. Saring jus dan siap disajikan selagi dingin",https://cookpad.com/id/resep/16129029-healthy-juice-for-baby,14.93963032,1.970635306,0.48683987,2.289814564,63.27540948
32,Susu Goreng,250 ml susu cair;4 sdm maizena;2 sdm gula pasir;Sejumput garam;Sejumput vanili;3 sdm tepung terigu;14 sdm air;Secukupnya tepung roti/tepung panir,"1. Campur semua bahan adonan susu. Aduk rata, pastikan tidak ada maizena yang menggumpal;2. Masak dengan api sedang sambil terus diaduk hingga meletup-letup dan kalis;3. Angkat lalu cetak dan dinginkan;4. Setelah set, potong-potong sesuai selera;5. Campur terigu dan air. Aduk sampai licin. lalu celup potongan susu ke dalam larutan terigu. Lalu balur tepung panir;6. Goreng dalam minyak panas dengan api sedang. Balik sekali saja. Angkat dan tiriskan.;7. Sajikan",https://cookpad.com/id/resep/15911134-gb-10-susu-goreng-cemilan-sehat,357.5005164,3.303103405,3.33384111,0,1442.982235
33,Sayur Pecel,3 genggang kacang tanah kupas;2 genggam buncis;1 bungkus tauge;1 buah cabai rawit;1 siung bawang putih;1 cm kencur;1 sdt gula pasir;1/4 sdt garam;1/4 sdt kaldu jamur;Sejumput Bawang Goreng;100 ml air panas;Secukupnya kecap manis;1 buah jeruk limau,"1. Oven kacang selama 10 menit kemudian biarkan sampai dingin;2. Goreng cabai, kencur dan bawang putih kemudian ulek dengan kacang tanah. Tambahkan air panas, gula, garam, dan kaldu jamur;3. Potong buncis 2 cm, kukus sampai matang. Kukus juga taugenya. Angkat dan sisihkan;4. Tata sayurannya, beri bumbu kacang, kecap, dan taburi bawang goreng. Boleh diberi perasan jeruk limau (opsional)",https://cookpad.com/id/resep/16127394-sayur-pecel-sehat,96.6288203,28.29515147,28.69327951,20.82639035,687.8191176
34,Tahu Semarang,12 buah tahu coklat;250 gram daging ayam;3 siung bawang merah;2 siung bawang putih;1/4 sdt lada bubuk;1 batang daun bawang;1 butir telur;125 gram tepung tapioka;2 sdm tepung terigu;1 batang wortel parut;1 sdm saus tomat,"1. Cincang daging ayam dan aduk dengan telur hingga merata. Lalu haluskan bumbu bawang putih, bawang merah, lada, campurkan dengan adonan ayam;2. Kemudian tambahkan tepung sagu dan tepung terigu secara perlahan, aduk. Tambhakan air sedikit jika kiranya adonan terlalu kering;3. Tambahkan garam, kaldu bubuk dan saus tomat;4. Belah tahu masukkan isian ke dalam tahu. Kukus tahu selama 20 menit, biarkan sejenak. Buka angkat lalu goreng.;5. Sajikan",https://cookpad.com/id/resep/16039077-tahu-semarang-sehat,42.54790583,45.72655403,11.18242894,8.191827816,430.4702107
35,Tumis Sehat,"Wortel;Buncis;1 bonggol jagung;Bakso;1/2 Sachet Saori Saus Tiram;4 siung bawang putih;Kecap Manis;Kecap Asin;Garam, Penyedap Rasa, Merica","1. Cuci bersih sayuran;2. Lalu potong sayuran sesuai selera;3. Rebus sayuran yang sudah dipotong dengan metode Blancing.;4. Potong bawang putih dan bakso lalu sisihkan;5. Jika sayuran sudah matang, masukkan ke dalam air dingin/air es lalu tiriskan;6. Panaskan minyak, tumis bawang putih hingga harum;7. Masukkan bakso;8. Jika bakso sudah mulai kecoklatan, masukkan sayuran tadi;9. Masukkan saori 1/2 Sachet saja, tambahkan garam, kecap manis, dan merica sesuai selera. Jika ingin pedas bisa ditambahkan irisan cabai rawit;10. Tambahkan sedikit air;11. Jika dirasa sudah cukup, matikan kompor lalu sajikan",https://cookpad.com/id/resep/16111353-tumis-sehat-wortel-jagung-buncis-bakso,65.54305348,13.42297501,3.058215732,14.16600709,302.8189807
36,Nugget Ayam Wortel,500 gram dada ayam fillet;1 buah wortel parut;150 gram keju parut;1 butir telur;2 sdm tapioka;4 siung bawang putih;1/2 sdt merica;1 butir pala,"1. Cincang atau giling daging ayam, sisihkan;2. Masukkan wortel parut, keju parut, dan telur kocok;3. Masukkan bumbu halus dan tepung tapioka, kemudian aduk rata;4. Masukkan ke dalam loyang yang sudah dialasi plastik dan ratakan;5. Kukus kurang lebih 15 menit kemudian dinginkan;6. Potong-potong nugget sesuai selera, kemudian celup di adonan tepung basah dan lanjut dengan tepung panir; 7. Nugget siap digoreng atau dikemas dalam wadah kedap udara untuk dibekukan.",https://cookpad.com/id/resep/16086627-nugget-sehat-ayam-wortel,36.06660732,63.95644485,21.06705921,11.55851572,583.3589453
37,Sup Telur,10 butir telur;3 siung bawang putih;5 siung bawang merah;1 batang daun bawang;7 biji cabai hijau;Secukupnya gula dan garam;Penyedap rasa,"1. Panaskan air di rice cooker, tunggu sampai mendidih. Masukkan telur jangan diaduk, tunggu sampai telur setengah matang.;2. Masukkan daun bawang, gula, garam dan penyedap rasa secukupnya. Aduk, cek rasa. Siap disantap bersama nasi hangat.",https://cookpad.com/id/resep/16109599-sup-telur-sehat-dan-simple,66.68070804,31.80286008,22.05630598,1.277941164,575.6459039
38,Cake Protein,5 sdm tepung oat;1 bungkus choco chips;1 scoop susu protein;6 buah pisang;1 sdt soda kue;Selain kacang;1 sdt bubuk kayu manis,1. Aduk semua bahan menjadi satu.;2. Aduk sampai merata lalu susun di wadah anti panas;3. Kukus selama 45 menit-1 jam di api kecil.;4. Siap disajikan saat masih hangat untuk camilan sehat,https://cookpad.com/id/resep/16102919-cake-protein-utk-yg-diet-low-sugar-gluten-free-sehat,120.7604362,66.84045882,139.1115502,34.8089124,1958.425265
39,Sup Sehat,1 butir telur;1 batang wortel;4 tangkai daun pakcoy;1 batang daun bawang; 1 batang seledri;350 ml air;1 buah tomat ukuran sedang;2 sdm minyak/margarin;2 siung bawang putih cincang;1/2 sdt garam;1/2 sdt gula;1/4 sdt kaldu jamur;1/4 sdt lada;Secukupnya bawang goreng,"1. Siapkan semua bahan-bahannya, cuci bersih kemudian potong;2. Panaskan teflon, tumis bawang putih sampai harum, kemudian masukkan wortel dan agagng pakcoy;3. Tambahkan air secukupnya, biarkan mendidih dan sayur setengah matang. Selagi menunggu kocok lepas telur ayam.;4. Setelah mendidih, bumbui dengan garam, alda, kaldu, dan gula;5. Setelah itu, masukkan telur sedikit-sedikit sambil diaduk.;6. Masukkan sayuran dan tomat. Lalu masa sebentar dan tes rasa.;7. Bila sudah pas, matikan api lalu sajikan selagi hangat",https://cookpad.com/id/resep/16095594-sup-sehat,50.10067093,8.501271204,203.1062623,9.030260606,1965.644659
40,Kremes Ubi Jalar,300 gram parutan ubi jalar,"1. Tata ubi jalar yang sudah diparut ke dalam teflon, usahakan menyebar rata agar lebih cepat matang merata. Jangan lupa di tutup agar udara panasnya tidak kelluar.;2. Masak dengan kompor api kecil selama 15 menit, lalu besarkan kompor sedikit sambil diaduk-aduk. Masak sampai kekeringan yang diinginkan.;3. Kremes ubi siap disantap",https://cookpad.com/id/resep/16089668-keremes-ubi-jalar-sehat-tanpa-minyak,60.61764706,3.286764706,0.308823529,8.602941386,255.8823529
41,Seblak Kembang Tahu,"2 siung bawang merah;2 siung bawang putih;1 ruas jari kencur; 1 buah cabai merah;Cabai rawit 3 buah;Secukupnya garam, gula, dan kaldu bubuk;Minyak goreng;200 ml air;Kembang tahu yang sudah direndam air hangat;3 buah bakso;1 buah sosis;1 butir telur;1 ikat sawi","1. Haluskan bawang merah, bawang putih, kencur, cabai merah, dan cabai rawit;2. Tumis bumbu halus menggunakan sedikit minyak hingga harum;3. Tambahkan air, masukkan seluruh isian seblak, asuk sesekali hingga sawi layu;4. Tambahkan kaldu bubuk, garam, dan gula, aduk hingga rata;5. Koreksi rasa, jika ingin sedikit kuah bisa di masak hingga air sedikit menyusut.;6. Siap disajikan.",https://cookpad.com/id/resep/16088295-seblak-sehat-kembang-tahu,60.69086175,25.917462,127.0375604,5.293685079,1441.850405
42,Cream Soup,5 buah wortel ukuran sedang;10 batang buncis;1 jagung manis;1 sdt lada bubuk;2 butir telur;2 sdm tepung maizena;1 1/2 sendok penyedap rasa;2 gelas air,"1. Rebus air hingga mendidih;2. Sambil menunggu, kupas wortel, lalu potong dadu kecil-kecil;3. Serut jagung;4. Iris buncis kecil-kecil;5. Cuci semua sayur, setelah air mendidih, masukkan sayur;6. Rebus sampai sayur empuk, lalu masukkan telur ayam yang sudah dikocok dalam wadah;7. Aduk pelan telur sampai teksturnya menyatu dalam panci rebusan;8. Tambahkan penyedap rasa dan lada bubuk;9. Aduk tepung maizena dengan sedikit air dalam wadah;10. Masukkan cairan maizena ke dalam sup;11. Aduk sampai mengental dengan api kecil;12. Setelah matang, angkat dan siap dinikmati",https://cookpad.com/id/resep/16085126-cream-soup-sehat,112.2502026,29.13298575,8.392371127,27.03076647,567.5999917
43,Rolade Sehat,"500 gram tahu (10 buah tahu kecil);100 gram ayam, cincang;3 sdm tepung tapioka;1 buah wortel ukuran kecil, potong dadu;50 gram buncis, potong-potong;2 batang daun bawang, potong-potong;4 buah telur;Secukupnya Kaldu bubuk, garam, dan lada bubuk","1. Haluskan tahu dengan garpu;2. Masukkan wortel, buncis, dan daun bawang. Aduk rata. Bumbui dengan kaldu bubuk, garam, dan lada. Tes rasa. Masukkan ayam dan 1 butir telur, aduk rata.;3. Panaskan teflon, olesi sedikit margarin. Tuangkan kocokan 3 telur dengan garam. Ratakan, tunggu hingga matang, balik/ Lakukan hingga kocokan telur habis.;4. Ambil 1 bagian telur, isi dengan adonan tahu, gulung. Bungkus dengan aluminium foil. Panaskan kukusan, kukus 30-35 menit.;5. Potong sesuai selera",https://cookpad.com/id/resep/16080778-rolade-sehat,49.29050336,90.95412113,45.86169754,18.76257957,900.3411683
44,Healthy Apple Crumble,2 buah apel;1 buah lemon;30 gram rolled oats;10 gram tepung terigu;10 gram tepung maizena;10 gram almond iris;30 gram madu;1 sdt bubuk kayu manis;1/2 sdt perisa vanilla;2 sdm mentega cair,"1. Cuci apel dan lemon;2. Potong dadu apel;3. Putar-putar lemon menggelinding, lalu belah lemon menjadi 2 bagian, dan buang isinya.;4. Campurkan apel dengan perasan 1/2 buah lemon, 15 gram madu, 1/2 sdt kayu manis, dan 10 gram tepung maizena. Aduk merata;5. Letakkan campuran apel ke dalam loyang berukuran 15x10 cm. Ratakan;6. Campur rolled oats, tepung terigu, almond iris, 1/2 sdt kayu manis, 15 gram madu, mentega cair, dan perisa vanilla untuk membuat crumble. Aduk hingga merata;7. Taruh adonan crumble di atas dan ratakan;8. Panaskan oven dengan suhu 175°C;9. Panggang adonan apple crumble selama 50-60 menit atau crumble tampak kecoklatan. Ubah posisi loyang untuk meratakan kematangan.;10. Angkat apple crumble dari oven setelah matang;11. Apple crumble siap dihidangkan",https://cookpad.com/id/resep/16077696-healthy-apple-crumble,73.64560461,4.533934866,17.82278779,19.60236451,407.3102142
45,Healthy Muffin,"1 pisang (1/2 diblender, 1/2 buat topping);35 gram rolled oats;1 telur;2 sdm madu;1 sdt baking powder","1. Masukkan semua bahan ke dalam mixer/blender;2. Jika sudah, masukkan ke dalam tempat mangkuk atau loyang untuk di kukus. Tunggu hingga mengembang;3. Muffin siap disajikan",https://cookpad.com/id/resep/16076909-easy-healthy-muffin,18.75312325,3.687616747,2.544469009,1.629628427,105.9708994
46,Ayam Geprek Sehat,Fillet dada ayam;Kaldu jamur;Saus tiram;Garam;Kecap asin;10 cabai hijau besar;10 cabai hijau keriting;6 cabai rawit hijau;Daun salam;Serai;Lengkuas,"1. Marinasi ayam dengan Saus Tiram dan Kecap asin semalaman dan simpan dalam kulkas;2. Grill ayam hanya dengan 1 sdm minyak masak sampai kecoklatan;3. Grill juga cabai-cabai, daun salam, serai, dan lengkuas hanya dengan 1 sdm minyak. Masak sampai kecoklatan.;4. Blender bahan sambal, lalu panaskan kembali.;5. Angkat dan sisihkan baik ayam maupun bahan sambal.;6. Tata ayam di piring lalu taburi dengan sambal geprek",https://cookpad.com/id/resep/16073593-ayam-geprek-sehat-versi-yg-mau-diet,103.9794461,26.28737382,8.7943871,22.37777737,513.9583302
47,Smoothies Sehat,2 pelepah kale;1 cup daun basil;1 cup pepaya;1 cup nanas;1 cup daun mint,"1. Blend semua bahan;2, Smoothies siap dikonsumsi",https://cookpad.com/id/resep/16072190-smoothies-sehat,15.94845925,0.656415243,0.145870054,1.701817269,60.77918921
48,Tumis Labu Siam,Labu siam;Wortel;Fillet Ayam;9 siung bawang merah;5 siung bawang putih;8 buah cabai rawit oranye;Lengkuas;Daun salam;Saus Tiram;Kaldu Jamur;Garam,"1. Cuci bersih ayam, potong-potong kecil seukuran daging sate. Lalu marinasi dengan jeruk nipis selama 30 menit lalu cuci bersih.;2. Tumis bahan bumbu sampai harum (bawang merah, bawang putih, daun salam, lengkuas, dan cabai) dengan 2 sdm minyak.;3. Masukkan fillet ayam, tambahkan garam, saus tiram, dan kaldu jamur.;4. Jika ayam sudah hampir matang, masukkan labu siam dan wortel yang sudah diiris tipis dan panjang seperti korek.;5. Tambahkan sedikit air, masak hingga matang.;6. Koreksi rasa lalu angkat dan sajikan.",https://cookpad.com/id/resep/16068061-tumisan-sehat,116.2560163,28.71324889,7.749532882,22.45540675,567.0032393
49,Rolade Tahu Daun Kelor,Bahan isian rolade;1 buah tahu cina;1 butir telur;1 sdt kaldu bubuk ayam;1 sdt bawang putih bubuk;1/2 sdt lada bubuk;20 gram daun kelor;Bahan kulit rolade;2 butir telur;1 sdm tepung terigu protein sedang;2 sdm tepung maizena;1/4 sdt garam;4 sdm air;Secukupnya margarin,"1. Potong potong tahu, lalu haluskan;2. Campur tahu dengan kaldu bubuk ayam, bawang putih bubuk, lada bubuk, dan telur, aduk rata. Tambahkan daun kelor, aduk rata lagi. Sisihkan;3. Aduk rata bahan kulit rolade kecuali margarin;4. Panaskan margarin di teflon, lalu buat dadar tipis satu persatu.;5. Ambil 2 lembar dadar taruh bersebelahan, isi dengan 1/2 adonan tahu lalu ratakan, gulung pelan-pelan dan rapikan ujung-ujungnya.;6. Kukus rolade selama 30 menit di kukusan yang sudah dipanaskan dan lapisi tutup kukusan dengan kain bersih. Angkat lalu diamkan sampai benar-benar dingin dan set.;7. Potong-potong dan sajikan",https://cookpad.com/id/resep/16066889-rolade-tahu-daun-kelor-sehat-no-minyak,12.54146501,22.94873839,94.11799896,3.855761373,961.6393956
50,Tumis Bunga Kol,"1/2 kg kembang kol;3 siung bawang merah ukuran besar;2 siung bawang putih ukuran besar;Sedikit minyak untuk menumis;Garam, gula, lada bubuk, dan penyedap rasa","1. Potong-potong kembang kol lalu rendam dalam air yang diberi sedikit garam. Diamkan sebentar, lalu bilas bersih.;2. Iris-iris bawang merah, bawang putih, dan cabai;3. Panaskan minyak, masukkan bumbu yang sudah diiris. Tumis hingga harum.;4. Setelah bumbu harum, masukkan kembang kol, aduk-aduk sebentar lalu tambahkan air sedikit.;5. Masukkan garam, gula, lada bubuk, dan penyedap rasa. Aduk-aduk sampai merata.;6. Koreksi rasa, masak hingga matang. Hidangkan.",https://cookpad.com/id/resep/16065266-menu-sahur-kilat-tumis-bunga-kol-sedap-sehat,84.96554681,13.55390638,100.9088857,16.37543506,1224.163629
,,,,,,,,,
,,,,,,,,,
,,,,,,,,,
,,,,,,,,,
,,,,,,,,,
,,,,,,,,,
,,,,,,,,,
,,,,,,,,,
,,,,,,,,,
,,,,,,,,,
,,,,,,,,,
,,,,,,,,,
,,,,,,,,,
,,,,,,,,,
,,,,,,,,,
,,,,,,,,,
,,,,,,,,,
,,,,,,,,,
,,,,,,,,,
,,,,,,,,,
,,,,,,,,,
,,,,,,,,,
,,,,,,,,,
,,,,,,,,,
,,,,,,,,,
,,,,,,,,,
,,,,,,,,,
,,,,,,,,,
,,,,,,,,,
,,,,,,,,,
,,,,,,,,,
,,,,,,,,,
,,,,,,,,,
,,,,,,,,,
,,,,,,,,,
,,,,,,,,,
,,,,,,,,,
,,,,,,,,,
,,,,,,,,,
,,,,,,,,,
,,,,,,,,,
,,,,,,,,,
,,,,,,,,,
,,,,,,,,,
,,,,,,,,,
,,,,,,,,,
,,,,,,,,,
,,,,,,,,,
,,,,,,,,,
,,,,,,,,,
,,,,,,,,,
,,,,,,,,,
,,,,,,,,,
,,,,,,,,,
,,,,,,,,,
,,,,,,,,,
,,,,,,,,,
,,,,,,,,,
,,,,,,,,,
,,,,,,,,,
,,,,,,,,,
,,,,,,,,,
,,,,,,,,,
,,,,,,,,,
,,,,,,,,,
,,,,,,,,,
,,,,,,,,,
,,,,,,,,,
,,,,,,,,,
,,,,,,,,,
,,,,,,,,,
,,,,,,,,,
,,,,,,,,,
,,,,,,,,,
,,,,,,,,,
,,,,,,,,,
,,,,,,,,,
,,,,,,,,,
,,,,,,,,,
,,,,,,,,,
,,,,,,,,,
,,,,,,,,,
,,,,,,,,,
,,,,,,,,,
,,,,,,,,,
,,,,,,,,,
,,,,,,,,,
,,,,,,,,,
,,,,,,,,,
,,,,,,,,,
,,,,,,,,,
,,,,,,,,,
,,,,,,,,,
,,,,,,,,,
,,,,,,,,,
,,,,,,,,,
,,,,,,,,,
,,,,,,,,,
,,,,,,,,,
,,,,,,,,,
,,,,,,,,,
,,,,,,,,,
,,,,,,,,,
,,,,,,,,,
,,,,,,,,,
,,,,,,,,,
,,,,,,,,,
,,,,,,,,,
,,,,,,,,,
,,,,,,,,,
,,,,,,,,,
,,,,,,,,,
,,,,,,,,,
,,,,,,,,,
,,,,,,,,,
,,,,,,,,,
,,,,,,,,,
,,,,,,,,,
,,,,,,,,,
,,,,,,,,,
,,,,,,,,,
,,,,,,,,,
,,,,,,,,,
,,,,,,,,,
,,,,,,,,,
